word,reading,meaning_en,jlpt_level
あいかわらず,あいかわらず,as ever; as usual; the same,N2
アイデア/アイディア,アイデア/アイディア,idea,N2
あいまい,あいまい,vague; ambiguous,N2
遭う,あう,to meet; to encounter (undesirable nuance),N2
扇ぐ,あおぐ,to fan; to flap,N2
青白い,あおじろい,pale; pallid,N2
あかんぼう,あかんぼう,baby,N2
明き,あき,room; time to spare; emptiness,N2
あきれる,あきれる,to be amazed; to be shocked,N2
アクセント,アクセント,accent,N2
あくび,あくび,yawn,N2
飽くまで,あくまで,to the end; to the last; stubbornly,N2
明け方,あけがた,dawn,N2
揚げる,あげる,to lift; to fry,N2
挙げる,あげる,to raise; to fly,N2
あげる (=やる),あげる (=やる),to do for,N2
憧れる,あこがれる,to long for; to yearn after; to admire,N2
足跡,あしあと,footprints,N2
味わう,あじわう,to taste; to savor; to relish,N2
預かる,あずかる,to keep in custody; to receive on deposit; to take charge of,N2
暖まる,あたたまる,to warm up; to get warm,N2
暖める,あたためる,to warm; to heat,N2
あたりまえ,あたりまえ,usual; common; ordinary,N2
あちらこちら,あちらこちら,here and there,N2
厚かましい,あつかましい,impudent; shameless; brazen,N2
圧縮,あっしゅく,compression; condensation; pressure,N2
宛名,あてな,address; direction,N2
あてはまる,あてはまる,to be applicable; to come under (a category); to fulfill,N2
あてはめる,あてはめる,to apply; to adapt,N2
暴れる,あばれる,to act violently; to rage; to struggle; to be riotous,N2
脂,あぶら,fat; tallow; lard,N2
あぶる,あぶる,to scorch,N2
あふれる,あふれる,to flood; to overflow; to brim over,N2
雨戸,あまど,sliding storm door,N2
甘やかす,あまやかす,to pamper; to spoil,N2
余る,あまる,to remain; to be left over; to be in excess; to be too many,N2
編物,あみもの,knitting; web,N2
編む,あむ,to knit,N2
危うい,あやうい,dangerous; critical; grave,N2
怪しい,あやしい,suspicious; dubious; doubtful,N2
荒い,あらい,rough; rude; wild,N2
粗い,あらい,coarse; rough,N2
あらすじ,あらすじ,outline; summary,N2
争う,あらそう,to dispute; to argue; to be at variance; to compete,N2
改めて,あらためて,another time; again; over again; anew; formally,N2
改める,あらためる,to change; to alter; to reform; to revise,N2
著す,あらわす,to write; to publish,N2
有難い,ありがたい,grateful; thankful; welcome; appreciated; evoking gratitude,N2
在る,ある,to live; to be,N2
あれこれ,あれこれ,one thing or another; this and that; this or that,N2
あわただしい,あわただしい,busy; hurried; confused; flurried,N2
あわてる,あわてる,to become confused,N2
安易,あんい,easy-going,N2
案外,あんがい,unexpectedly,N2
アンテナ,アンテナ,antenna,N2
言い出す,いいだす,to start talking; to speak; to tell; to propose; to suggest; to break the ice,N2
言い付ける,いいつける,to tell; to tell on (someone); to order,N2
意義,いぎ,meaning; significance,N2
生き生き,いきいき,vividly; lively,N2
いきなり,いきなり,(uk) abruptly; suddenly; all of a sudden; without warning,N2
育児,いくじ,childcare; nursing; upbringing,N2
幾分,いくぶん,somewhat,N2
生け花,いけばな,flower arrangement,N2
以後,いご,after this; from now on; hereafter; thereafter,N2
以降,いこう,on and after; hereafter; thereafter,N2
イコール,イコール,equal,N2
勇ましい,いさましい,brave; valiant; gallant; courageous,N2
衣食住,いしょくじゅう,necessities of life (food; clothing; etc.),N2
意地悪,いじわる,malicious; ill-tempered; unkind,N2
いちいち,いちいち,one by one; separately,N2
一応,いちおう,once; tentatively; in outline; for the time being,N2
一段と,いちだんと,greater; more; further; still more,N2
一流,いちりゅう,first class; top grade; foremost; top-notch,N2
佚,いつ,be lost; peace; hide; mistake; beautiful; in turn,N2
一昨日,いっさくじつ,the day before yesterday (or thereabouts),N2
一昨年,いっさくねん,the year before last (or thereabouts),N2
一斉,いっせい,simultaneous; all at once,N2
一旦,いったん,once; for a moment; one morning; temporarily,N2
一定,いってい,fixed; settled; definite,N2
いつのまにか,いつのまにか,before one knows; unnoticed; unawares,N2
移転,いてん,moving; transfer; demise,N2
井戸,いど,water well,N2
緯度,いど,latitude (nav.),N2
従姉妹,いとこ,cousin (female),N2
威張る,いばる,to be proud; to swagger,N2
嫌がる,いやがる,to hate; to dislike,N2
いよいよ,いよいよ,more and more; all the more; increasingly; at last; beyond doubt,N2
煎る,いる,to parch; to fry,N2
入れ物,いれもの,container; case; receptacle,N2
インキ,インキ,ink,N2
インタビュー,インタビュー,interview,N2
引力,いんりょく,gravity,N2
ウーマン,ウーマン,woman,N2
ウール,ウール,wool,N2
ウエートレス,ウエートレス,waitress,N2
植木,うえき,garden shrubs; trees; potted plant,N2
飢える,うえる,to starve,N2
浮ぶ,うかぶ,to float; to rise to surface; to come to mind,N2
浮かべる,うかべる,to float; to express; to look (sad; glad),N2
浮く,うく,to float; to become merry; to become loose,N2
承る,うけたまわる,(hum) to hear; to be told; to know,N2
受取,うけとり,receipt,N2
受け持つ,うけもつ,to take (be in) charge of,N2
薄暗い,うすぐらい,dim; gloomy,N2
薄める,うすめる,to dilute; to water down,N2
打合せ,うちあわせ,business meeting; previous arrangement; appointment,N2
打ち消す,うちけす,to deny; to negate; to contradict,N2
討つ,うつ,to attack; to avenge,N2
うっかり,うっかり,carelessly; thoughtlessly; inadvertently,N2
映す,うつす,to project; to reflect; to cast (shadow),N2
写る,うつる,to be photographed; to be projected,N2
映る,うつる,to be reflected; to harmonize with; to come out (photo),N2
うどん,うどん,noodles (Japanese),N2
有無,うむ,yes or no; existence; flag indicator (comp); presence or absence marker,N2
埋める,うめる,to bury; to fill up; to fill (a seat; a vacant position),N2
敬う,うやまう,to show respect; to honour,N2
裏返す,うらがえす,to turn inside out; to turn (something) over,N2
裏口,うらぐち,backdoor; rear entrance,N2
占う,うらなう,to forecast; to predict,N2
恨み,うらみ,resentment,N2
恨む,うらむ,to curse; to feel bitter,N2
羨ましい,うらやましい,envious; enviable,N2
羨む,うらやむ,to envy,N2
売上,うりあげ,amount sold; proceeds,N2
売り切れ,うりきれ,sold-out,N2
売り切れる,うりきれる,to be sold out,N2
売行き,うれゆき,sales,N2
うろうろ,うろうろ,loiteringly; aimless wandering,N2
運河,うんが,canal; waterway,N2
うんと,うんと,a great deal; very much,N2
英文,えいぶん,sentence in English,N2
英和,えいわ,english-Japanese (e.G. Dictionary),N2
ええと,ええと,let me see; well; er....,N2
液体,えきたい,liquid; fluid,N2
エチケット,エチケット,etiquette,N2
絵の具,えのぐ,colors; paints,N2
エプロン,エプロン,apron,N2
偉い,えらい,great; celebrated; eminent; terrible; awful; famous; remarkable; excellent,N2
宴会,えんかい,party; banquet,N2
園芸,えんげい,horticulture; gardening,N2
演劇,えんげき,play (theatrical),N2
円周,えんしゅう,circumference,N2
遠足,えんそく,trip; hike; picnic,N2
延長,えんちょう,extension; elongation; prolongation; lengthening,N2
煙突,えんとつ,chimney,N2
追い掛ける,おいかける,to chase or run after someone; to run down; to pursue,N2
追い越す,おいこす,to pass (e.G. Car); to outdistance; to outstrip,N2
オイル,オイル,oil; engine oil; kerosene,N2
応援,おうえん,aid; assistance; help; reinforcement,N2
王女,おうじょ,princess,N2
応ずる,おうずる,to answer; to respond; to meet; to satisfy; to accept,N2
応接,おうせつ,reception,N2
応対,おうたい,receiving; dealing with,N2
往復,おうふく,(col) round trip; coming and going; return ticket,N2
欧米,おうべい,europe and America; the West,N2
応用,おうよう,application; put to practical use,N2
オーケストラ,オーケストラ,orchestra,N2
おおざっぱ,おおざっぱ,rough (not precise); broad; sketchy,N2
大通り,おおどおり,main street,N2
オートメーション,オートメーション,automation,N2
大凡,おおよそ,about; roughly; as a rule; approximately,N2
お帰り,おかえり,return; welcome,N2
おかげさまで,おかげさまで,thanks to god; thanks to you,N2
おかず,おかず,side dish; accompaniment for rice dishes,N2
拝む,おがむ,to worship; to beg; to make a supplication,N2
お代わり,おかわり,second helping; another cup,N2
補う,おぎなう,to compensate for,N2
屋外,おくがい,outdoors,N2
おくさん,おくさん,(hon) wife; your wife; madam,N2
送り仮名,おくりがな,part of word written in kana,N2
怠る,おこたる,to neglect; to be off guard; to be feeling better,N2
押える,おさえる,to stop; to restrain; to seize; to repress; to suppress; to press down,N2
おさきに,おさきに,before; ahead; previously,N2
納める,おさめる,to obtain; to reap; to pay; to supply; to accept,N2
治める,おさめる,to govern; to manage,N2
惜しい,おしい,regrettable; disappointing; precious,N2
御辞儀,おじぎ,bow,N2
伯父さん,おじさん,middle-aged gentleman; uncle,N2
小父さん,おじさん,middle-aged gentleman; uncle,N2
叔父さん,おじさん,middle-aged gentleman; uncle,N2
おしゃれ,おしゃれ,smartly dressed; someone smartly dressed; fashion-conscious,N2
おじゃまします,おじゃまします,excuse me for disturbing you,N2
教わる,おそわる,to be taught,N2
おだいじに,おだいじに,take care of yourself,N2
落着く,おちつく,to calm down; to settle down,N2
御手洗,おてあらい,font of purifying water placed at entrance of shrine,N2
お手伝いさん,おてつだいさん,maid,N2
おどかす,おどかす,to threaten; to coerce,N2
落し物,おとしもの,lost property,N2
おととい,おととい,day before yesterday,N2
おととし,おととし,year before last,N2
おとなしい,おとなしい,obedient; docile; quiet,N2
驚かす,おどろかす,to surprise; to frighten; to create a stir,N2
おねがいします,おねがいします,please,N2
各々,おのおの,each; every; either; respectively; severally,N2
伯母さん,おばさん,(hon) aunt,N2
叔母さん,おばさん,aunt; middle-aged lady,N2
おはよう,おはよう,(abbr) Good morning,N2
お参り,おまいり,worship; shrine visit,N2
おまたせしました,おまたせしました,sorry to have kept you waiting,N2
おまちください,おまちください,please wait a moment,N2
おまちどおさま,おまちどおさま,sorry to have kept you waiting,N2
おめでたい,おめでたい,happy event; matter for congratulation; auspicious event; pregnancy,N2
思い掛けない,おもいがけない,unexpected; casual,N2
思い込む,おもいこむ,to be under impression that; to be convinced that,N2
思い付く,おもいつく,to think of; to hit upon,N2
重たい,おもたい,heavy; massive; serious,N2
お休み,おやすみ,good night; holiday,N2
おやつ,おやつ,between meal snack; afternoon refreshment,N2
親指,おやゆび,thumb,N2
オルガン,オルガン,organ,N2
卸す,おろす,to sell wholesale; grated (vegetables),N2
恩恵,おんけい,grace; favor; blessing; benefit,N2
温室,おんしつ,greenhouse,N2
温泉,おんせん,spa; hot spring; onsen,N2
温帯,おんたい,temperate zone,N2
御中,おんちゅう,and Company; messrs.,N2
女の人,おんなのひと,woman,N2
蚊,か,mosquito,N2
カーブ,カーブ,curve,N2
貝,かい,shell; shellfish,N2
開会,かいかい,opening of a meeting,N2
会館,かいかん,meeting hall; assembly hall,N2
改札,かいさつ,examination of tickets,N2
解散,かいさん,breakup; dissolution,N2
海水浴,かいすいよく,sea bathing; seawater bath,N2
回数,かいすう,number of times; frequency,N2
回数券,かいすうけん,book of tickets,N2
改正,かいせい,revision; amendment; alteration,N2
快晴,かいせい,good weather,N2
解説,かいせつ,explanation; commentary,N2
改造,かいぞう,remodeling,N2
開通,かいつう,opening; open,N2
回転,かいてん,rotation; revolution; turning,N2
解答,かいとう,answer; solution,N2
回答,かいとう,reply; answer,N2
外部,がいぶ,the outside; external,N2
解放,かいほう,release; liberation; emancipation,N2
開放,かいほう,open; throw open; liberalization,N2
海洋,かいよう,ocean,N2
概論,がいろん,intro; outline; general remarks,N2
帰す,かえす,to send back,N2
却って,かえって,on the contrary; rather; all the more; instead,N2
代える,かえる,to exchange; to interchange; to substitute; to replace,N2
反る,かえる,to warp; to be warped; to curve,N2
家屋,かおく,house; building,N2
係わる,かかわる,to concern oneself in; to have to do with; to affect; to influence; to stick to (opinions),N2
書留,かきとめ,writing down; putting on record; recording; making a note of; registration (of mail),N2
書取,かきとり,dictation,N2
垣根,かきね,hedge,N2
掻く,かく,to scratch; to perspire,N2
嗅ぐ,かぐ,to sniff; to smell,N2
架空,かくう,aerial; overhead; fiction; fanciful,N2
各自,かくじ,individual; each,N2
拡充,かくじゅう,expansion,N2
学術,がくじゅつ,science; learning; scholarship,N2
各地,かくち,every place; various places,N2
拡張,かくちょう,expansion; extension; enlargement; escape (ESC),N2
角度,かくど,angle,N2
学年,がくねん,year in school; grade in school,N2
学部,がくぶ,department of a university; undergraduate,N2
格別,かくべつ,exceptional,N2
確率,かくりつ,probability,N2
学力,がくりょく,scholarship; knowledge; literary ability,N2
掛け算,かけざん,multiplication,N2
可決,かけつ,approval; adoption (e.G. Motion; bill); passage,N2
火口,かこう,a burner; origin of a fire,N2
下降,かこう,downward; descent; fall; drop; subsidence,N2
重なる,かさなる,to be piled up; lie on top of one another; overlap each other,N2
重ねる,かさねる,to pile up; to put something on another; to heap up; to add; to repeat,N2
飾り,かざり,decoration,N2
火山,かざん,volcano,N2
かしこまりました,かしこまりました,certainly!,N2
貸し出し,かしだし,lending; loaning,N2
過失,かしつ,error; blunder; accident,N2
果実,かじつ,fruit; nut; berry.,N2
貸間,かしま,room to let,N2
貸家,かしや,house for rent,N2
個所,かしょ,passage; place; point; part,N2
過剰,かじょう,excess; over-,N2
かじる,かじる,to chew; to bite (at); to gnaw; to nibble,N2
課税,かぜい,taxation,N2
下線,かせん,underline; underscore,N2
カセット,カセット,cassette (tape),N2
加速,かそく,acceleration,N2
加速度,かそくど,acceleration,N2
固い,かたい,stubborn; firm (not viscous or easily moved),N2
堅い,かたい,hard (esp. Wood); steadfast; honorable; stuffy writing,N2
片仮名,かたかな,katakana,N2
片付く,かたづく,to put in order; to dispose of; to solve,N2
塊,かたまり,lump; mass; clod; cluster,N2
固まる,かたまる,to harden; to solidify; to become firm; to become certain,N2
片道,かたみち,one-way (trip),N2
傾く,かたむく,to incline toward; to slant; to lurch,N2
片寄る,かたよる,to be one-sided; to incline; to be partial,N2
学科,がっか,study subject; course of study,N2
学会,がっかい,scientific society; academic meeting,N2
楽器,がっき,musical instrument,N2
学級,がっきゅう,grade in school,N2
担ぐ,かつぐ,to shoulder; to carry on shoulder,N2
括弧,かっこ,parenthesis; brackets,N2
活字,かつじ,printing type,N2
活躍,かつやく,activity,N2
活力,かつりょく,vitality; energy,N2
仮定,かてい,assumption; supposition; hypothesis,N2
過程,かてい,process,N2
課程,かてい,course; curriculum,N2
仮名,かな,(n) alias; pseudonym; pen name,N2
仮名遣い,かなづかい,kana orthography; syllabary spelling,N2
鐘,かね,bell; chime,N2
加熱,かねつ,heating,N2
兼ねる,かねる,to hold (position); to serve; to be unable,N2
カバー,カバー,cover (ex. Book),N2
過半数,かはんすう,majority,N2
被せる,かぶせる,to cover (with something),N2
釜,かま,iron pot; kettle,N2
紙屑,かみくず,wastepaper,N2
神様,かみさま,god (polite),N2
剃刀,かみそり,razor,N2
ガム,ガム,chewing gum,N2
貨物,かもつ,cargo; freight,N2
かゆい,かゆい,itchy; itching,N2
歌謡,かよう,song; ballad,N2
殻,から,shell; husk; hull; chaff,N2
カラー,カラー,collar; color; colour,N2
からかう,からかう,to ridicule; to tease; to banter with; to make fun of,N2
空っぽ,からっぽ,empty; vacant; hollow,N2
かるた,かるた,(n) playing cards (pt: carta),N2
枯れる,かれる,to wither; to die (plant); to be blasted (plant),N2
カロリー,カロリー,calorie,N2
かわいがる,かわいがる,to love; to be affectionate,N2
乾かす,かわかす,to dry (clothes; etc.); to desiccate,N2
渇く,かわく,to be thirsty,N2
為替,かわせ,money order; exchange,N2
瓦,かわら,roof tile,N2
代る,かわる,(v5r; vi) to take the place of; to relieve; to be substituted for,N2
間隔,かんかく,space; interval; SPC,N2
換気,かんき,ventilation,N2
感激,かんげき,deep emotion; impression; inspiration,N2
鑑賞,かんしょう,appreciation,N2
感ずる,かんずる,to feel; to sense,N2
間接,かんせつ,indirection; indirectness,N2
乾燥,かんそう,dry; arid; insipid; dehydrated,N2
感想,かんそう,impressions; thoughts,N2
観測,かんそく,observation,N2
寒帯,かんたい,frigid zone,N2
官庁,かんちょう,government office; authorities,N2
勘違い,かんちがい,misunderstanding; wrong guess,N2
缶詰,かんづめ,packing (in cans); canning; canned goods; tin can,N2
乾電池,かんでんち,dry cell; battery,N2
関東,かんとう,eastern half of Japan; including Tokyo,N2
観念,かんねん,idea; notion; conception,N2
乾杯,かんぱい,toast (drink),N2
看板,かんばん,sign; signboard; doorplate; poster,N2
看病,かんびょう,nursing (a patient),N2
冠,かんむり,crown; diadem; first; best,N2
漢和,かんわ,chinese Character-Japanese (e.G. Dictionary),N2
気圧,きあつ,atmospheric pressure,N2
器械,きかい,instrument,N2
着替え,きがえ,changing clothes; change of clothes,N2
機関車,きかんしゃ,locomotive; engine,N2
飢饉,ききん,famine,N2
器具,きぐ,utensil,N2
期限,きげん,term; period,N2
記号,きごう,symbol; code,N2
刻む,きざむ,to mince; to carve; to engrave,N2
儀式,ぎしき,ceremony; rite; ritual; service,N2
基準,きじゅん,standard; basis; criteria; norm,N2
規準,きじゅん,standard; basis; criteria; norm,N2
起床,きしょう,rising; getting out of bed,N2
着せる,きせる,to put on clothes,N2
基礎,きそ,foundation; basis,N2
気体,きたい,vapour; gas,N2
基地,きち,base,N2
きっかけ,きっかけ,chance; start; cue; excuse,N2
ぎっしり,ぎっしり,tightly; fully,N2
基盤,きばん,foundation; basis,N2
客席,きゃくせき,guest seating,N2
客間,きゃくま,parlor; guest room,N2
ギャング,ギャング,gang,N2
キャンパス,キャンパス,campus,N2
休業,きゅうぎょう,closed (e.G. Store); business suspended; shutdown; holiday,N2
休講,きゅうこう,lecture cancelled,N2
休息,きゅうそく,rest; relief; relaxation,N2
給与,きゅうよ,allowance; grant; supply,N2
休養,きゅうよう,rest; break; recreation,N2
清い,きよい,clear; pure; noble,N2
強化,きょうか,strengthen; intensify; reinforce; solidify,N2
境界,きょうかい,boundary,N2
行事,ぎょうじ,event; function,N2
恐縮,きょうしゅく,shame; very kind of you; sorry to trouble,N2
教養,きょうよう,culture; education; refinement; cultivation,N2
行列,ぎょうれつ,line; procession; matrix (math),N2
漁業,ぎょぎょう,fishing (industry),N2
曲線,きょくせん,curve,N2
規律,きりつ,order; rules; law,N2
斬る,きる,(v5r) to behead; to murder,N2
気を付ける,きをつける,to be careful; to pay attention; to take care,N2
金魚,きんぎょ,goldfish,N2
区域,くいき,limits; boundary; domain; zone; sphere; territory,N2
偶数,ぐうすう,even number,N2
空想,くうそう,daydream; fantasy; fancy; vision,N2
空中,くうちゅう,sky; air,N2
クーラー,クーラー,cooler; air conditioner,N2
釘,くぎ,nail,N2
区切る,くぎる,to punctuate; to cut off; to mark off; to stop; to put an end to,N2
櫛,くし,comb,N2
くしゃみ,くしゃみ,sneeze,N2
苦情,くじょう,complaint; troubles; objection,N2
苦心,くしん,pain; trouble,N2
屑,くず,waste; scrap,N2
崩す,くずす,to destroy; to pull down; to make change (money),N2
薬指,くすりゆび,ring finger,N2
崩れる,くずれる,to collapse; to crumble,N2
砕く,くだく,to break; to smash,N2
砕ける,くだける,to break; to be broken,N2
くたびれる,くたびれる,to get tired; to wear out,N2
くだらない,くだらない,good-for-nothing; stupid; trivial; worthless,N2
下る,くだる,to get down; to descend (N2),N2
唇,くちびる,lips,N2
口紅,くちべに,lipstick,N2
くっつく,くっつく,to adhere to; to keep close to,N2
くっつける,くっつける,to attach,N2
くどい,くどい,verbose; importunate; heavy (taste),N2
句読点,くとうてん,punctuation marks,N2
配る,くばる,to distribute; to deliver,N2
工夫,くふう,labourer; worker,N2
区分,くぶん,division; section; classification,N2
組合せ,くみあわせ,combination,N2
組み立てる,くみたてる,to assemble; to set up; to construct,N2
汲む,くむ,to draw (water); to dip; to scoop; to pump,N2
酌む,くむ,to serve sake,N2
悔しい,くやしい,regrettable; mortifying; vexing,N2
悔やむ,くやむ,to mourn,N2
クリーニング,クリーニング,cleaning; dry cleaning; laundry service,N2
くるむ,くるむ,to be engulfed in; to be enveloped by; to wrap up,N2
くれぐれも,くれぐれも,repeatedly; sincerely; earnestly,N2
郡,ぐん,country; district,N2
稽古,けいこ,practice; training; study,N2
敬語,けいご,honorific; term of respect,N2
蛍光灯,けいこうとう,fluorescent lamp; person who is slow to react,N2
形式,けいしき,form; formality; format; math expression,N2
継続,けいぞく,continuation,N2
毛糸,けいと,knitting wool,N2
経度,けいど,longitude,N2
系統,けいとう,system; family line; geological formation,N2
芸能,げいのう,public entertainment; accomplishments; attainments,N2
競馬,けいば,horse racing,N2
警備,けいび,defense; guard; policing; security,N2
形容詞,けいようし,true adjective,N2
形容動詞,けいようどうし,adjectival noun; quasi-adjective,N2
外科,げか,surgical department,N2
毛皮,けがわ,fur; skin; pelt,N2
激増,げきぞう,sudden increase,N2
下車,げしゃ,alighting; getting off,N2
下旬,げじゅん,month (last third of),N2
下水,げすい,drainage; sewage; ditch; gutter; sewerage,N2
削る,けずる,to cut down little by little; to take a percentage,N2
桁,けた,column; beam; digit,N2
下駄,げた,geta (Japanese footwear); wooden clogs,N2
血圧,けつあつ,blood pressure,N2
血液,けつえき,blood,N2
月給,げっきゅう,monthly salary,N2
傑作,けっさく,masterpiece; best work; boner; blunder,N2
月末,げつまつ,end of the month,N2
気配,けはい,indication; market trend; worry,N2
下品,げひん,vulgarity; meanness; indecency; coarseness,N2
煙い,けむい,smoky,N2
蹴る,ける,to kick,N2
けれども,けれども,but; however,N2
険しい,けわしい,inaccessible place; sharp eyes,N2
見学,けんがく,inspection; study by observation; field trip,N2
謙虚,けんきょ,modesty; humility,N2
原稿,げんこう,manuscript; copy,N2
原産,げんさん,place of origin; habitat,N2
原始,げんし,origin; primeval,N2
研修,けんしゅう,training,N2
厳重,げんじゅう,strict; rigour; severe; firm,N2
謙遜,けんそん,humble; humility; modesty,N2
県庁,けんちょう,prefectural office,N2
限度,げんど,limit; bounds,N2
現に,げんに,actually; really,N2
顕微鏡,けんびきょう,microscope,N2
原理,げんり,principle; theory; fundamental truth,N2
原料,げんりょう,raw materials,N2
碁,ご,go (board game of capturing territory),N2
恋しい,こいしい,dear; beloved; darling,N2
請う,こう,to ask; to request,N2
工員,こういん,factory worker,N2
強引,ごういん,overbearing; coercive; pushy; forcible; high-handed,N2
公害,こうがい,public nuisance; pollution,N2
高級,こうきゅう,high class; high grade,N2
公共,こうきょう,public; community; public service; society; communal,N2
工芸,こうげい,industrial arts,N2
孝行,こうこう,filial piety,N2
交差,こうさ,cross,N2
講師,こうし,lecturer,N2
工事,こうじ,construction work,N2
公式,こうしき,formula; formality; official,N2
口実,こうじつ,excuse,N2
こうして,こうして,thus,N2
校舎,こうしゃ,school building,N2
公衆,こうしゅう,the public,N2
香水,こうすい,perfume,N2
公正,こうせい,justice; fairness; impartiality,N2
功績,こうせき,achievements; merit; meritorious service; meritorious deed,N2
光線,こうせん,beam; light ray,N2
高層,こうそう,upper,N2
構造,こうぞう,structure; construction,N2
交替,こうたい,alternation; change; relief; relay; shift,N2
耕地,こうち,arable land,N2
交通機関,こうつうきかん,transportation facilities,N2
校庭,こうてい,campus,N2
肯定,こうてい,positive; affirmation,N2
高度,こうど,altitude; height; advanced,N2
高等,こうとう,high class; high grade,N2
合同,ごうどう,combination; incorporation; union; amalgamation,N2
後輩,こうはい,junior (at work or school),N2
公表,こうひょう,official announcement; proclamation,N2
鉱物,こうぶつ,mineral,N2
公務,こうむ,official business; public business,N2
項目,こうもく,item,N2
紅葉,こうよう,autumn Colors,N2
合理,ごうり,rational,N2
交流,こうりゅう,alternating current; intercourse; (cultural) exchange; intermingling,N2
合流,ごうりゅう,confluence; union; linking up; merge,N2
効力,こうりょく,effect; efficacy; validity; potency,N2
超える,こえる,to exceed; to cross over; to cross,N2
コース,コース,course,N2
コーラス,コーラス,chorus,N2
焦がす,こがす,to burn; to scorch; to singe; to char,N2
国王,こくおう,king,N2
国籍,こくせき,nationality,N2
国立,こくりつ,national,N2
ごくろうさま,ごくろうさま,thank you very much for your....,N2
焦げる,こげる,to burn; to be burned,N2
凍える,こごえる,to freeze; to be chilled; to be frozen,N2
心当たり,こころあたり,having some knowledge of; happening to know,N2
心得る,こころえる,to be informed; to have thorough knowledge,N2
腰掛け,こしかけ,seat; bench,N2
腰掛ける,こしかける,to sit (down),N2
五十音,ごじゅうおん,the Japanese syllabary,N2
胡椒,こしょう,pepper,N2
こしらえる,こしらえる,to make; to manufacture,N2
超す,こす,to cross; to pass; to tide over,N2
擦る,こする,to rub; to chafe; to file; to frost (glass); to strike (match),N2
個体,こたい,an individual,N2
御馳走,ごちそう,feast; treating (someone),N2
ごちそうさま,ごちそうさま,feast,N2
こちらこそ,こちらこそ,it is I who should say so,N2
小遣い,こづかい,personal expenses; pocket money; spending money; incidental expenses; allowance,N2
こっそり,こっそり,stealthily; secretly,N2
古典,こてん,old book; classics; classic,N2
琴,こと,koto (Japanese harp),N2
言付ける,ことづける,to send word; to send a message,N2
言葉遣い,ことばづかい,speech; expression; wording,N2
こないだ,こないだ,the other day; lately; recently,N2
御無沙汰,ごぶさた,not writing or contacting for a while,N2
こぼす,こぼす,to spill,N2
こぼれる,こぼれる,to overflow; to spill,N2
塵芥,ごみ,trash; rubbish,N2
ゴム,ゴム,gum; rubber; eraser,N2
御免,ごめん,your pardon; declining (something); dismissal; permission,N2
ごめんください,ごめんください,may I come in?,N2
小指,こゆび,little finger,N2
こらえる,こらえる,to bear; to stand; to endure; to put up with,N2
娯楽,ごらく,pleasure; amusement,N2
御覧,ごらん,(hon) look; inspection; try,N2
コレクション,コレクション,collection; correction,N2
転がす,ころがす,to roll,N2
転がる,ころがる,to roll; to tumble,N2
紺,こん,navy blue; deep blue,N2
コンクール,コンクール,contest (fr: concours),N2
コンクリート,コンクリート,concrete,N2
混合,こんごう,mixing; mixture,N2
コンセント,コンセント,electrical plug,N2
献立,こんだて,menu; program; schedule,N2
こんばんは,こんばんは,good evening,N2
サークル,サークル,circle; sports club (i.E. At a company),N2
在学,ざいがく,(enrolled) in school,N2
再三,さいさん,again and again; repeatedly,N2
祭日,さいじつ,national holiday; festival day,N2
催促,さいそく,request; demand; claim; urge (action); press for,N2
採点,さいてん,marking; grading; looking over,N2
災難,さいなん,calamity; misfortune,N2
裁縫,さいほう,sewing,N2
材木,ざいもく,lumber; timber,N2
サイレン,サイレン,siren,N2
逆さ,さかさ,reverse; inversion; upside down,N2
逆様,さかさま,inversion; upside down,N2
捜す,さがす,to search; to seek; to look for,N2
遡る,さかのぼる,to go back; to go upstream; to make retroactive,N2
酒場,さかば,bar; bar-room,N2
さきおととい,さきおととい,two days before yesterday,N2
先程,さきほど,some time ago,N2
裂く,さく,to tear; to split,N2
索引,さくいん,index; indices,N2
作者,さくしゃ,author; authoress,N2
削除,さくじょ,elimination; cancellation; deletion; erasure,N2
作成,さくせい,frame; draw up; make; producing,N2
作製,さくせい,manufacture,N2
探る,さぐる,to search; to look for; to sound out,N2
囁く,ささやく,to whisper; to murmur,N2
刺さる,ささる,to stick; to be stuck,N2
匙,さじ,spoon,N2
座敷,ざしき,tatami room,N2
差し支え,さしつかえ,hindrance; impediment,N2
差し引き,さしひき,deduction; subtraction; balance; ebb and flow; rise and fall,N2
刺身,さしみ,sliced raw fish,N2
刺す,さす,to pierce; to stab; to prick; to thrust,N2
挿す,さす,to insert; to put in; to graft; to wear in belt,N2
注す,さす,to pour (drink); to serve (drinks),N2
射す,さす,to shine; to strike,N2
流石,さすが,clever; adept; good; expectations; as one would expect,N2
撮影,さつえい,photographing,N2
雑音,ざつおん,noise (jarring; grating),N2
さっさと,さっさと,quickly,N2
早速,さっそく,at once; immediately; without delay; promptly,N2
錆,さび,rust (colour),N2
錆びる,さびる,to rust; to become rusty,N2
座布団,ざぶとん,cushion (Japanese),N2
冷ます,さます,to cool; to dampen; to let cool,N2
妨げる,さまたげる,to disturb; to prevent,N2
冷める,さめる,to become cool; to wear off; to abate; to subside,N2
さようなら,さようなら,good-bye,N2
再来月,さらいげつ,month after next,N2
再来週,さらいしゅう,week after next,N2
再来年,さらいねん,year after next,N2
サラリーマン,サラリーマン,salary man; company employee,N2
騒がしい,さわがしい,noisy,N2
さわやか,さわやか,fresh; refreshing; invigorating,N2
三角,さんかく,triangle; triangular,N2
算数,さんすう,arithmetic,N2
酸性,さんせい,acidity,N2
産地,さんち,producing area,N2
サンプル,サンプル,sample,N2
山林,さんりん,mountain forest; mountains and forest,N2
仕上がる,しあがる,to be finished,N2
しあさって,しあさって,two days after tomorrow,N2
シーズン,シーズン,season (sporting),N2
シーツ,シーツ,sheet,N2
寺院,じいん,temple,N2
自衛,じえい,self-defense,N2
塩辛い,しおからい,salty (taste),N2
司会,しかい,chairmanship,N2
四角,しかく,square,N2
四角い,しかくい,square,N2
時間割,じかんわり,timetable; schedule,N2
四季,しき,four seasons,N2
敷地,しきち,site,N2
至急,しきゅう,urgent; pressing,N2
敷く,しく,to spread out; to lay out,N2
茂る,しげる,to grow thick; to luxuriate; to be luxurious,N2
持参,じさん,bringing; taking; carrying,N2
磁石,じしゃく,magnet,N2
四捨五入,ししゃごにゅう,rounding up (fractions),N2
始終,しじゅう,continuously; from beginning to end,N2
自習,じしゅう,self-study,N2
静まる,しずまる,to quieten down; to calm down; to subside,N2
姿勢,しせい,attitude; posture,N2
自然科学,しぜんかがく,natural science,N2
時速,じそく,speed (per hour),N2
子孫,しそん,descendants; posterity; offspring,N2
死体,したい,corpse,N2
下書き,したがき,rough copy; draft,N2
下町,したまち,shitamachi; lower parts of town,N2
自治,じち,self-government; autonomy,N2
実感,じっかん,feelings (actual; true),N2
湿気,しっけ,moisture; humidity; dampness,N2
湿気,しっき,moisture; humidity; dampness,N2
しつこい,しつこい,insistent; obstinate,N2
実習,じっしゅう,practice; training,N2
実績,じっせき,achievements; actual results,N2
湿度,しつど,level of humidity,N2
執筆,しっぴつ,writing,N2
実物,じつぶつ,real thing; original,N2
しっぽ,しっぽ,tail (animal),N2
実用,じつよう,practical use; utility,N2
実力,じつりょく,merit; efficiency; arms; force,N2
実例,じつれい,example; illustration,N2
失恋,しつれん,disappointed love; broken heart; unrequited love; be lovelorn,N2
指定,してい,designation; specification; assignment; pointing at,N2
私鉄,してつ,private railway,N2
児童,じどう,children; juvenile,N2
縛る,しばる,to tie; to bind,N2
地盤,じばん,(the) ground,N2
しびれる,しびれる,to become numb; to go to sleep (i.E.; a limb),N2
紙幣,しへい,paper money; notes; bills,N2
しぼむ,しぼむ,to wither; to fade (away); to shrivel; to wilt,N2
絞る,しぼる,to press; to wring; to squeeze,N2
縞,しま,stripe,N2
地味,じみ,plain; simple,N2
しみじみ,しみじみ,keenly; deeply; heartily,N2
氏名,しめい,full name; identity,N2
締切,しめきり,closing; cut-off; end; deadline; closed; no Entrance,N2
締め切る,しめきる,to shut up,N2
湿る,しめる,to be wet; to become wet; to be damp,N2
ジャーナリスト,ジャーナリスト,journalist,N2
社会科学,しゃかいかがく,social science,N2
しゃがむ,しゃがむ,to squat,N2
蛇口,じゃぐち,faucet; tap,N2
弱点,じゃくてん,weak point; weakness,N2
車庫,しゃこ,garage; car shed,N2
車掌,しゃしょう,(train) conductor,N2
写生,しゃせい,sketching; drawing from nature,N2
社説,しゃせつ,editorial; leading article,N2
しゃっくり,しゃっくり,hiccough; hiccup,N2
シャッター,シャッター,shutter,N2
しゃぶる,しゃぶる,to suck; to chew,N2
車輪,しゃりん,(car) wheel,N2
洒落,しゃれ,joke; pun; witticism,N2
じゃんけん,じゃんけん,(n) rock-scissors-paper game,N2
集会,しゅうかい,meeting; assembly,N2
住居,じゅうきょ,dwelling; house; residence; address,N2
集金,しゅうきん,money collection,N2
集合,しゅうごう,gathering; assembly; meeting; set (math),N2
習字,しゅうじ,penmanship,N2
修繕,しゅうぜん,repair; mending,N2
重体,じゅうたい,seriously ill; serious condition; critical state,N2
じゅうたん,（カーペット）,carpet,N2
終点,しゅうてん,terminus; last stop (e.G train),N2
重点,じゅうてん,important point; lay stress on; colon; emphasis,N2
就任,しゅうにん,inauguration; assumption of office,N2
周辺,しゅうへん,circumference; outskirts; environs; (computer) peripheral,N2
重役,じゅうやく,director; high executive,N2
終了,しゅうりょう,end; close; termination,N2
重力,じゅうりょく,gravity,N2
熟語,じゅくご,idiom; idiomatic phrase; kanji compound,N2
祝日,しゅくじつ,national holiday,N2
縮小,しゅくしょう,reduction; curtailment,N2
受験,じゅけん,taking an examination,N2
主語,しゅご,(gram) subject,N2
出勤,しゅっきん,going to work; at work,N2
述語,じゅつご,predicate,N2
出張,しゅっちょう,official tour; business trip,N2
寿命,じゅみょう,life span,N2
主役,しゅやく,leading part; leading actor (actress),N2
受話器,じゅわき,(telephone) receiver,N2
循環,じゅんかん,circulation; rotation; cycle,N2
巡査,じゅんさ,police; policeman,N2
順々,じゅんじゅん,in order; in turn,N2
順序,じゅんじょ,order; sequence; procedure,N2
純情,じゅんじょう,pure heart; naivete; self-sacrificing devotion,N2
純粋,じゅんすい,pure; true; genuine; unmixed,N2
消化,しょうか,digestion,N2
小学生,しょうがくせい,grade school student,N2
将棋,しょうぎ,japanese chess,N2
蒸気,じょうき,steam; vapour,N2
定規,じょうぎ,(measuring) ruler,N2
上級,じょうきゅう,advanced level; high grade; senior,N2
商業,しょうぎょう,commerce; trade; business,N2
消極的,しょうきょくてき,passive,N2
賞金,しょうきん,prize; monetary award,N2
上下,じょうげ,high and low; up and down; unloading and loading; praising and blaming,N2
障子,しょうじ,paper sliding door,N2
商社,しょうしゃ,trading company; firm,N2
乗車,じょうしゃ,taking a train; entraining,N2
上旬,じょうじゅん,first 10 days of month,N2
生ずる,しょうずる,to cause; to arise; to be generated,N2
小数,しょうすう,fraction (part of); decimal,N2
商店,しょうてん,shop; business firm,N2
焦点,しょうてん,focus; point,N2
消毒,しょうどく,disinfection; sterilization,N2
勝敗,しょうはい,victory or defeat; issue (of battle),N2
蒸発,じょうはつ,evaporation; unexplained disappearance,N2
賞品,しょうひん,prize; trophy,N2
勝負,しょうぶ,victory or defeat; match; contest; game; bout,N2
小便,しょうべん,(col) urine; piss,N2
消防署,しょうぼうしょ,fire station,N2
正味,しょうみ,net (weight),N2
正面,しょうめん,the front; honesty,N2
消耗,しょうもう,exhaustion; consumption,N2
醤油,しょうゆ,soy sauce,N2
省略,しょうりゃく,omission; abbreviation; abridgment,N2
初級,しょきゅう,elementary level,N2
助教授,じょきょうじゅ,assistant professor,N2
食塩,しょくえん,table salt,N2
職人,しょくにん,worker; mechanic; artisan; craftsman,N2
初旬,しょじゅん,first 10 days of the month,N2
書籍,しょせき,book; publication,N2
食器,しょっき,tableware,N2
ショップ,ショップ,a shop,N2
書店,しょてん,bookshop,N2
書道,しょどう,calligraphy,N2
白髪,しらが,white or grey hair; trendy hair bleaching,N2
知合い,しりあい,acquaintance,N2
シリーズ,シリーズ,series,N2
私立,しりつ,private (establishment),N2
資料,しりょう,materials; data,N2
汁,しる,juice; sap; soup; broth,N2
素人,しろうと,amateur; novice,N2
芯,しん,core; heart; wick; marrow,N2
新幹線,しんかんせん,bullet train (very high speed); shinkansen,N2
真空,しんくう,vacuum; hollow; empty,N2
信ずる,しんずる,to believe; to believe in; to place trust in,N2
心身,しんしん,mind and body,N2
申請,しんせい,application; request; petition,N2
人造,じんぞう,man-made; synthetic; artificial,N2
寝台,しんだい,bed; couch,N2
診断,しんだん,diagnosis,N2
侵入,しんにゅう,penetration; invasion; raid; aggression; trespass,N2
人文科学,じんぶんかがく,social sciences; humanities,N2
人命,じんめい,(human) life,N2
深夜,しんや,late at night,N2
森林,しんりん,forest; woods,N2
親類,しんるい,relation; kin,N2
針路,しんろ,course; direction; compass bearing,N2
神話,しんわ,myth; legend,N2
酢,す,vinegar,N2
水産,すいさん,marine products; fisheries,N2
炊事,すいじ,cooking; culinary arts,N2
水蒸気,すいじょうき,water vapour; steam,N2
水素,すいそ,hydrogen,N2
垂直,すいちょく,vertical; perpendicular,N2
推定,すいてい,presumption; assumption; estimation,N2
水滴,すいてき,drop of water,N2
水筒,すいとう,canteen; flask; water bottle,N2
随筆,ずいひつ,essays; miscellaneous writings,N2
水分,すいぶん,moisture,N2
水平,すいへい,water level; horizon,N2
水平線,すいへいせん,horizon,N2
水曜,すいよう,wednesday,N2
ずうずうしい,ずうずうしい,impudent; shameless,N2
末っ子,すえっこ,youngest child,N2
スカーフ,スカーフ,scarf,N2
図鑑,ずかん,picture book,N2
杉,すぎ,japanese cedar,N2
好き嫌い,すききらい,likes and dislikes; taste,N2
好き好き,すきずき,matter of taste,N2
透き通る,すきとおる,to be(come) transparent,N2
隙間,すきま,crevice; crack; gap; opening,N2
スクール,スクール,school,N2
すくなくとも,すくなくとも,at least,N2
図形,ずけい,figure,N2
スケジュール,スケジュール,schedule,N2
鈴,すず,bell,N2
涼む,すずむ,to cool oneself; to cool off; to enjoy evening cool,N2
スタート,スタート,start,N2
スチュワーデス,スチュワーデス,stewardess,N2
すっきり,すっきり,shapely; clear; neat,N2
すっぱい,すっぱい,sour; acid,N2
ステージ,ステージ,stage; performance,N2
ストッキング,ストッキング,stockings,N2
ストップ,ストップ,stop,N2
素直,すなお,obedient; meek; docile; unaffected,N2
頭脳,ずのう,head; brains; intellect,N2
スピーカー,スピーカー,speaker,N2
図表,ずひょう,chart; diagram; graph,N2
スマート,スマート,smart; stylish; slim,N2
住まい,すまい,dwelling; house; residence; address,N2
すまない,すまない,sorry (phrase),N2
墨,すみ,ink,N2
澄む,すむ,to clear (e.G. Weather); to become transparent,N2
相撲,すもう,sumo wrestling,N2
スライド,スライド,slide,N2
ずらす,ずらす,to put off; to delay,N2
掏摸,すり,pickpocket,N2
刷る,する,to print,N2
狡い,ずるい,sly; cunning,N2
すれちがう,すれちがう,to pass by one another; to disagree,N2
寸法,すんぽう,measurement; size; dimension,N2
姓,せい,surname; family name,N2
税関,ぜいかん,customs house,N2
製作,せいさく,manufacture; production,N2
制作,せいさく,work (film; book),N2
性質,せいしつ,nature; property; disposition,N2
清書,せいしょ,clean copy,N2
青少年,せいしょうねん,youth; young person,N2
整数,せいすう,integer,N2
清掃,せいそう,cleaning,N2
生存,せいぞん,existence; being; survival,N2
生長,せいちょう,growth; increment,N2
政党,せいとう,(member of) political party,N2
生年月日,せいねんがっぴ,birth date,N2
性能,せいのう,ability; efficiency,N2
整備,せいび,adjustment; completion; consolidation,N2
成分,せいぶん,ingredient; component; composition,N2
性別,せいべつ,distinction by sex; sex; gender,N2
正方形,せいほうけい,square,N2
正門,せいもん,main gate; main entrance,N2
成立,せいりつ,coming into existence; arrangements; establishment; completion,N2
西暦,せいれき,christian Era; anno domini (A.D.),N2
背負う,せおう,to be burdened with; to carry on back or shoulder,N2
赤道,せきどう,equator,N2
折角,せっかく,with trouble; at great pains; long-awaited,N2
接近,せっきん,getting closer; drawing nearer; approaching,N2
石鹸,せっけん,soap,N2
接する,せっする,to come in contact with; to connect; to attend; to receive,N2
接続,せつぞく,connection; union; join; link,N2
瀬戸物,せともの,earthenware; crockery; china,N2
ぜひとも,ぜひとも,by all means (with sense of not taking no for an answer),N2
迫る,せまる,to draw near; to press,N2
ゼミ,ゼミ,(n) seminar,N2
せめて,せめて,offense; method of attack,N2
攻める,せめる,to attack; to assault,N2
セメント,セメント,cement,N2
栓,せん,stopper; cork; stopcock,N2
前後,ぜんご,around; throughout; front and back; before and behind; before and after,N2
洗剤,せんざい,detergent; washing material,N2
全集,ぜんしゅう,complete works,N2
全身,ぜんしん,the whole body; full-length (portrait),N2
扇子,せんす,folding fan,N2
専制,せんせい,despotism; autocracy,N2
先々月,せんせんげつ,month before last,N2
先々週,せんせんしゅう,week before last,N2
先祖,せんぞ,ancestor,N2
先端,せんたん,pointed end; tip; fine point,N2
センチ,センチ,centimeter; centi-; 10^-2,N2
宣伝,せんでん,propaganda; publicity,N2
先頭,せんとう,head; lead; vanguard; first,N2
全般,ぜんぱん,(the) whole; universal; wholly; general,N2
扇風機,せんぷうき,electric fan,N2
線路,せんろ,line; track; roadbed,N2
相違,そうい,difference; discrepancy; variation,N2
そういえば,そういえば,which reminds me ..,N2
雑巾,ぞうきん,house-cloth; dust cloth,N2
増減,ぞうげん,increase and decrease; fluctuation,N2
倉庫,そうこ,storehouse; warehouse; godown,N2
相互,そうご,mutual; reciprocal,N2
創作,そうさく,production; literary creation; work,N2
葬式,そうしき,funeral,N2
そうして,そうして,and; like that,N2
造船,ぞうせん,shipbuilding,N2
騒々しい,そうぞうしい,noisy; boisterous,N2
増大,ぞうだい,enlargement,N2
送別,そうべつ,farewell; send-off,N2
草履,ぞうり,zoori (Japanese footwear); sandals,N2
総理大臣,そうりだいじん,prime Minister,N2
送料,そうりょう,postage; carriage,N2
属する,ぞくする,to belong to; to come under; to be affiliated with; to be subject to,N2
続々,ぞくぞく,successively; one after another,N2
速達,そくたつ,express; special delivery,N2
測定,そくてい,measurement,N2
測量,そくりょう,measurement; surveying,N2
速力,そくりょく,speed,N2
素質,そしつ,character; qualities; genius,N2
祖先,そせん,ancestor,N2
そそっかしい,そそっかしい,careless; thoughtless,N2
卒直,そっちょく,frankness; candour; openheartedness,N2
具える,そなえる,to be furnished with,N2
そのうえ,そのうえ,in addition; furthermore,N2
そのため,そのため,hence; for that reason,N2
そのほか,そのほか,otherwise,N2
蕎麦,そば,soba (buckwheat noodles),N2
剃る,そる,to shave,N2
逸れる,それる,to stray (turn) from subject; to get lost; to go astray,N2
揃う,そろう,to become complete; to be equal; to be all present; to gather,N2
揃える,そろえる,to put things in order; to arrange; to make uniform; to get something ready,N2
算盤,そろばん,abacus,N2
存じる,ぞんじる,(hum) to know,N2
損得,そんとく,loss and gain; advantage and disadvantage,N2
田ぼ,たんぼ,paddy field; farm,N2
だいいち,（副）,first; foremost; # 1,N2
退院,たいいん,leaving hospital,N2
大学院,だいがくいん,graduate school,N2
大工,だいく,carpenter,N2
体系,たいけい,system; organization,N2
太鼓,たいこ,drum; tambourine,N2
対策,たいさく,counter-plan; counter-measure,N2
大して,たいして,(not so) much; (not) very,N2
対照,たいしょう,contrast; antithesis; comparison,N2
大小,だいしょう,size,N2
体制,たいせい,order; system; structure; set-up; organization,N2
体積,たいせき,capacity; volume,N2
大層,たいそう,very much; exaggerated; very fine,N2
体操,たいそう,gymnastics; physical exercises; calisthenics,N2
大分,だいぶん,considerably; greatly; a lot,N2
大木,たいぼく,large tree,N2
題名,だいめい,title,N2
代名詞,だいめいし,pronoun,N2
タイア,タイア,tire; tyre,N2
ダイヤグラム,ダイヤグラム,diagram,N2
ダイヤモンド,ダイヤモンド,diamond,N2
ダイヤル,ダイヤル,dial,N2
Ͼ立,たいりつ,confrontation; opposition; antagonism,N2
田植え,たうえ,rice planting,N2
絶えず,たえず,constantly,N2
楕円,だえん,ellipse,N2
高める,たかめる,to raise; to lift; to boost,N2
耕す,たがやす,to till; to plow; to cultivate,N2
滝,たき,waterfall,N2
炊く,たく,to boil; to cook,N2
焚く,たく,to burn; to kindle; to build a fire,N2
蓄える,たくわえる,to store; to lay in stock,N2
竹,たけ,bamboo; middle (of a three-tier ranking system),N2
助かる,たすかる,to be saved; to be rescued; to survive; to be helpful,N2
只,ただ,free of charge; mere; sole; only; usual; common,N2
但し,ただし,but; however; provided that,N2
畳む,たたむ,to fold (clothes),N2
立ち止まる,たちどまる,to stop; to halt; to stand still,N2
たちまち,たちまち,at once; in a moment; suddenly; all at once,N2
建つ,たつ,to erect; to be erected; to be built,N2
発つ,たつ,to depart (on a plane; train; etc.),N2
脱線,だっせん,derailment; digression,N2
妥当,だとう,valid; proper; right; appropriate,N2
例える,たとえる,to compare; to liken; to speak figuratively; to illustrate; to use a simile,N2
頼もしい,たのもしい,reliable; trustworthy; hopeful; promising,N2
足袋,たび,tabi; japanese socks (with split toe),N2
ダブル,ダブル,double,N2
だます,だます,to trick; to cheat; to deceive,N2
溜まる,たまる,to collect; to gather; to save,N2
ダム,ダム,dumb,N2
溜息,ためいき,a sigh,N2
ためらう,ためらう,to hesitate,N2
溜める,ためる,to amass; to accumulate,N2
だらしない,だらしない,slovenly; loose; a slut,N2
足る,たる,to be sufficient; to be enough,N2
段階,だんかい,gradation; grade; stage,N2
短期,たんき,short term,N2
炭鉱,たんこう,coal mine; coal pit,N2
短所,たんしょ,defect; demerit; weak point; disadvantage,N2
たんす,たんす,chest of drawers,N2
淡水,たんすい,fresh water,N2
断水,だんすい,water outage,N2
単数,たんすう,singular (number),N2
団地,だんち,multi-unit apartments,N2
断定,だんてい,conclusion; decision,N2
短編,たんぺん,short (e.G. Story; film),N2
誓う,ちかう,to swear; to vow; to take an oath; to pledge,N2
地下水,ちかすい,underground water,N2
近々,ちかぢか,nearness; before long,N2
近付ける,ちかづける,to bring near; to put close; to let come near; to associate with,N2
近寄る,ちかよる,to approach; to draw near,N2
力強い,ちからづよい,reassuring; emboldened,N2
ちぎる,ちぎる,to cut up fine; to pick (fruit),N2
地質,ちしつ,geological features,N2
知人,ちじん,friend; acquaintance,N2
地帯,ちたい,area; zone,N2
縮む,ちぢむ,to shrink; to be contracted,N2
縮める,ちぢめる,to shorten; to reduce; to boil down; to shrink,N2
縮れる,ちぢれる,to be wavy; to be curled,N2
チップ,チップ,gratuity; tip; chip,N2
地点,ちてん,site; point on a map,N2
地名,ちめい,place name,N2
着々,ちゃくちゃく,steadily,N2
茶碗,ちゃわん,rice bowl; tea cup; teacup,N2
中間,ちゅうかん,middle; midway; interim,N2
中旬,ちゅうじゅん,second third of a month,N2
抽象,ちゅうしょう,abstract,N2
中世,ちゅうせい,middle Ages; mediaeval times,N2
中性,ちゅうせい,neuter gender; neutral (chem.); indifference; sterility,N2
中途,ちゅうと,in the middle; half-way,N2
中年,ちゅうねん,middle-aged,N2
超過,ちょうか,excess; being more than,N2
彫刻,ちょうこく,carving; engraving; sculpture,N2
長所,ちょうしょ,strong point; merit; advantage,N2
長女,ちょうじょ,eldest daughter,N2
調整,ちょうせい,regulation; adjustment; tuning,N2
調節,ちょうせつ,regulation; adjustment; control,N2
長短,ちょうたん,length; long and short; +-,N2
頂点,ちょうてん,top; summit,N2
長男,ちょうなん,eldest son,N2
長方形,ちょうほうけい,rectangle; oblong,N2
調味料,ちょうみりょう,condiment; seasoning,N2
チョーク,チョーク,chock; chalk,N2
直後,ちょくご,immediately following,N2
直線,ちょくせん,straight line,N2
直前,ちょくぜん,just before,N2
直通,ちょくつう,direct communication,N2
直流,ちょくりゅう,direct current,N2
貯蔵,ちょぞう,storage; preservation,N2
直角,ちょっかく,right angle,N2
直径,ちょっけい,diameter,N2
散らかす,ちらかす,to scatter around; to leave untidy,N2
散らかる,ちらかる,to be in disorder; to lie scattered around,N2
散らす,ちらす,to scatter; to disperse; to distribute,N2
塵紙,ちりがみ,tissue paper; toilet paper,N2
散る,ちる,to fall; to scatter (e.G. Blossoms),N2
追加,ついか,addition; supplement; appendix,N2
ついで,ついで,opportunity; occasion,N2
通貨,つうか,currency,N2
通勤,つうきん,commuting to work,N2
通知,つうち,notice; notification,N2
通帳,つうちょう,passbook,N2
通訳,つうやく,interpretation,N2
通用,つうよう,popular use; circulation,N2
通路,つうろ,passage; pathway,N2
付合う,つきあう,to associate with; to keep company with; to get on with,N2
突き当たり,つきあたり,end (e.G. Of street),N2
突き当たる,つきあたる,to run into; to collide with,N2
月日,つきひ,time; years; days,N2
点く,つく,to catch fire; (electricity) comes on,N2
次ぐ,つぐ,to rank next to; to come after,N2
作る/造る,つくる,to make; to create,N2
着ける,つける,to attach; to join; to add; to append,N2
点ける,つける,to turn on; to switch on; to light up,N2
浸ける,つける,to dip in; to soak,N2
伝わる,つたわる,to be handed down; to be introduced; to be transmitted,N2
突っ込む,つっこむ,to plunge into; to go into deeply,N2
務める,つとめる,to serve; to fill a post; to serve under; to work (for),N2
綱,つな,rope,N2
繋がり,つながり,connection; link; relationship,N2
繋がる,つながる,to be tied together; to be connected to; to be related to,N2
繋げる,つなげる,to connect,N2
粒,つぶ,grain,N2
潰す,つぶす,to smash; to waste,N2
潰れる,つぶれる,to be smashed; to go bankrupt,N2
つまずく,つまずく,to stumble; to trip,N2
詰まる,つまる,to be blocked; to be packed,N2
積む,つむ,to pile up; to stack,N2
爪,つめ,fingernail or toenail; claw; talon; hoof,N2
艶,つや,gloss; glaze,N2
強気,つよき,firm; strong,N2
釣り合う,つりあう,to balance; to be in harmony; to suit,N2
吊る,つる,to hang,N2
吊す,つるす,to hang,N2
出合い,であい,an encounter,N2
手洗い,てあらい,restroom; lavatory; hand-washing,N2
定員,ていいん,fixed number of regular personnel; capacity (of boat; etc.),N2
定価,ていか,established price,N2
低下,ていか,fall; decline; lowering; deterioration,N2
定期券,ていきけん,commuter pass; season ticket,N2
定休日,ていきゅうび,regular holiday,N2
停止,ていし,suspension; interruption; stoppage; ban,N2
停車,ていしゃ,stopping (e.G. Train),N2
停電,ていでん,failure of electricity,N2
出入り,でいり,in and out; coming and going; free association; income and expenditure; debits and credit,N2
出入口,でいりぐち,exit and entrance,N2
手入れ,ていれ,repairs; maintenance,N2
テーマ,テーマ,(n) theme; project; topic (de: Thema),N2
出掛ける,でかける,to depart; to set out; to start; to be going out,N2
出来上がり,できあがり,be finished; ready; made for; cut out,N2
出来上がる,できあがる,to be finished; to be ready; by definition,N2
的確,てきかく,precise; accurate,N2
適確,てきかく,precise; accurate,N2
手首,てくび,wrist,N2
凸凹,でこぼこ,unevenness; roughness; ruggedness,N2
手頃,てごろ,moderate; handy,N2
手帳,てちょう,notebook,N2
鉄橋,てっきょう,railway bridge; iron bridge,N2
手続き,てつづき,procedure; (legal) process; formalities,N2
鉄砲,てっぽう,gun,N2
テニスコート,テニスコート,tennis court,N2
手拭い,てぬぐい,(hand) towel,N2
手前,てまえ,before; this side; we; you,N2
出迎え,でむかえ,meeting; reception,N2
出迎える,でむかえる,to meet; to greet,N2
照らす,てらす,to shine on; to illuminate,N2
照る,てる,to shine,N2
展開,てんかい,develop; expansion (opposite of compression),N2
伝記,でんき,biography; life story,N2
電球,でんきゅう,light bulb,N2
点数,てんすう,marks; points; score; runs,N2
伝染,でんせん,contagion,N2
電池,でんち,battery,N2
点々,てんてん,here and there; little by little,N2
電柱,でんちゅう,telephone pole; telegraph pole; lightpole,N2
天皇,てんのう,emperor of Japan,N2
電波,でんぱ,electro-magnetic wave,N2
テンポ,テンポ,tempo,N2
電流,でんりゅう,electric current,N2
電力,でんりょく,electric power,N2
問い合わせ,といあわせ,enquiry; ENQ,N2
銅,どう,copper,N2
統一,とういつ,unity; consolidation; uniformity,N2
同格,どうかく,the same rank; equality; apposition,N2
峠,とうげ,ridge; (mountain) pass; difficult part,N2
統計,とうけい,scattering; a scatter; dispersion,N2
動作,どうさ,action; movements; motions; bearing; behaviour; manners,N2
東西,とうざい,east and West; whole country,N2
当日,とうじつ,appointed day; very day,N2
投書,とうしょ,letter to the editor; letter from a reader; contribution,N2
登場,とうじょう,entry (on stage),N2
どうせ,どうせ,anyhow; in any case; at any rate,N2
どうぞよろしく,どうぞよろしく,pleased to meet you,N2
灯台,とうだい,lighthouse,N2
盗難,とうなん,theft; robbery,N2
当番,とうばん,being on duty,N2
等分,とうぶん,division into equal parts,N2
透明,とうめい,transparency; cleanness,N2
灯油,とうゆ,lamp oil; kerosene,N2
東洋,とうよう,orient,N2
童話,どうわ,fairy tale,N2
通り掛かる,とおりかかる,to happen to pass by,N2
溶かす,とかす,to melt; to dissolve,N2
尖る,とがる,to taper to a point; to become sharp; to be sour; to look displeased,N2
どきどき,どきどき,throb; beat (fast),N2
溶く,とく,to dissolve (paint),N2
退く,どく,to retreat; to recede; to withdraw,N2
特殊,とくしゅ,special; unique,N2
特色,とくしょく,characteristic; feature,N2
特長,とくちょう,forte; merit,N2
特定,とくてい,specific; special; particular,N2
特売,とくばい,special sale,N2
溶け込む,とけこむ,to melt into,N2
溶ける,とける,to melt; to thaw; to fuse; to dissolve,N2
退ける,どける,to remove; to take away; to dislodge; to put something out of the way,N2
床の間,とこのま,alcove,N2
所々,ところどころ,here and there; some parts (of something),N2
都心,としん,heart (of city),N2
戸棚,とだな,cupboard; locker; closet; wardrobe,N2
とっくに,とっくに,long ago; already; a long time ago,N2
どっと,どっと,suddenly,N2
整う,ととのう,to be prepared; to be in order; to be put in order; to be arranged,N2
どなる,どなる,to shout; to yell,N2
飛び込む,とびこむ,to jump in; to leap in; to plunge into; to dive,N2
跳ぶ,とぶ,to jump; to fly; to leap,N2
留まる,とまる,to be fixed; to abide; to stay (in the one place),N2
泊める,とめる,to give shelter to; to lodge,N2
ともかく,ともかく,anyhow; anyway; somehow or other; generally speaking; in any case,N2
捕える,とらえる,to seize; to grasp; to capture; to arrest,N2
取り入れる,とりいれる,to harvest; to take in; to adopt,N2
取り消す,とりけす,to cancel,N2
取り出す,とりだす,to take out; to produce; to pick out,N2
採る,とる,to adopt (measure; proposal); (2) to pick (fruit),N2
捕る,とる,to take; to catch (fish); to capture,N2
トレーニング,トレーニング,training,N2
丼,どんぶり,porcelain bowl; bowl of rice with food on top,N2
内科,ないか,internist clinic; internal medicine,N2
内線,ないせん,phone extension; indoor wiring; inner line,N2
ナイロン,ナイロン,nylon,N2
治す,なおす,to cure; to heal; to fix; to correct; to repair,N2
永い,ながい,long; lengthy,N2
仲直り,なかなおり,reconciliation; make peace with,N2
長引く,ながびく,to be prolonged; to drag on,N2
中身,なかみ,contents; interior; substance; filling; (sword) blade,N2
中味,なかみ,contents; interior; substance; filling; (sword) blade,N2
中指,なかゆび,middle finger,N2
仲良し,なかよし,intimate friend; bosom buddy; chum,N2
慰める,なぐさめる,to comfort; to console,N2
亡くす,なくす,to lose someone; wife; child; etc,N2
なぐる,なぐる,to strike; to hit,N2
為す,なす,to accomplish; to do,N2
謎謎,なぞなぞ,riddle; puzzle; enigma,N2
懐かしい,なつかしい,dear; desired; missed,N2
撫でる,なでる,to brush gently; to stroke,N2
斜め,ななめ,obliqueness,N2
なにしろ,なにしろ,at any rate; anyhow; anyway; in any case,N2
何々,なになに,such and such; what?,N2
何分,なにぶん,what minute?; how many minutes?,N2
生意気,なまいき,impertinent; saucy; cheeky; conceit; audacious; brazen,N2
並木,なみき,roadside tree; row of trees,N2
倣う,ならう,to imitate; to follow; to emulate,N2
鳴らす,ならす,to ring; to sound; to chime; to beat; to snort (nose),N2
生る,なる,to bear fruit,N2
馴れる,なれる,to become domesticated; to become tame,N2
南極,なんきょく,south pole; antarctic,N2
なんとなく,なんとなく,somehow or other; for some reason or another,N2
なんとも,なんとも,nothing (with neg. Verb); quite; not a bit,N2
ナンバー,ナンバー,number,N2
南米,なんべい,south America,N2
南北,なんぼく,south and north,N2
煮える,にえる,to boil; to cook; to be cooked,N2
匂う,におう,to be fragrant; to smell; to stink,N2
逃がす,にがす,to let loose; to set free; to let escape,N2
憎い,にくい,hateful; abominable; poor-looking; detestable,N2
憎む,にくむ,to hate; to detest,N2
憎らしい,にくらしい,odious; hateful,N2
濁る,にごる,to become muddy; to get impure,N2
虹,にじ,rainbow,N2
日時,にちじ,date and time,N2
日用品,にちようひん,daily necessities,N2
日課,にっか,daily lesson; daily work; daily routine,N2
日程,にってい,agenda,N2
鈍い,にぶい,dull (e.G. A knife); thickheaded; slow (opposite of fast); stupid,N2
入社,にゅうしゃ,entry to a company,N2
女房,にょうぼう,wife,N2
睨む,にらむ,to glare at; to scowl at; to keep an eye on,N2
煮る,にる,to boil; to cook,N2
俄,にわか,sudden; abrupt; unexpected; improvised; offhand,N2
縫う,ぬう,to sew,N2
濡らす,ぬらす,to wet; to soak; to dip,N2
ねじ,ねじ,(a) screw,N2
捩る,ねじる,to twist,N2
ネックレス,ネックレス,necklace,N2
熱する,ねっする,to heat,N2
寝間着,ねまき,sleep-wear; nightclothes; pyjamas; nightgown; nightdress,N2
寝巻,ねまき,sleep-wear; nightclothes; pyjamas; nightgown; nightdress,N2
狙い,ねらい,aim,N2
狙う,ねらう,to aim at,N2
年度,ねんど,year; fiscal year; school year; term,N2
農産物,のうさんぶつ,agricultural produce,N2
農村,のうそん,agricultural community; farm village; rural,N2
濃度,のうど,concentration; brightness,N2
農薬,のうやく,agricultural chemicals,N2
能率,のうりつ,efficiency,N2
のこぎり,のこぎり,saw,N2
残らず,のこらず,all; entirely; completely; without exception,N2
載せる,のせる,to place on (something); to take on board; to give a ride,N2
覗く,のぞく,to peep in; to look in; to peek in; to stick out,N2
延ばす,のばす,to lengthen; to stretch; to reach out; to grow (beard),N2
延びる,のびる,to be prolonged,N2
上り,のぼり,up-train (going to Tokyo); ascent,N2
上る,のぼる,to ascend; to go up; to climb,N2
糊,のり,paste; starch,N2
乗換,のりかえ,(n) transfer (trains; buses; etc.),N2
載る,のる,to appear (in print); to be recorded,N2
のろのろ,のろのろ,slowly; sluggishly,N2
呑気,のんき,carefree; optimistic; careless; reckless; heedless,N2
灰色,はいいろ,grey; gray; ashen,N2
俳句,はいく,haiku poetry,N2
拝見,はいけん,(hum) (pol) seeing; look at,N2
売店,ばいてん,shop; stand,N2
売買,ばいばい,trade; buying and selling,N2
這う,はう,to creep; to crawl,N2
生える,はえる,to grow; to spring up; to cut (teeth),N2
剥す,はがす,(v5s) to tear off; to peel off; to rip off,N2
ばからしい,ばからしい,absurd,N2
秤,はかり,scales; weighing machine,N2
量る,はかる,to measure; to weigh; to survey,N2
測る,はかる,to measure; to weigh; to survey,N2
吐き気,はきけ,nausea; sickness in the stomach,N2
はきはき,はきはき,lucidly,N2
掃く,はく,to sweep; to brush; to gather up,N2
歯車,はぐるま,gear; cog-wheel,N2
バケツ,バケツ,bucket; pail,N2
挟まる,はさまる,to get between; to be caught in,N2
挟む,はさむ,to interpose; to hold between; to insert,N2
箸,はし,chopsticks,N2
梯子,はしご,ladder; stairs,N2
始めに,はじめに,to begin with; first of all,N2
はじめまして,はじめまして,how do you do?; i am glad to meet you,N2
外れる,はずれる,to be disconnected; to get out of place; to be off; to be out (e.G. Of gear),N2
パターン,パターン,pattern,N2
肌着,はだぎ,underwear,N2
果して,はたして,as was expected; really,N2
鉢,はち,a bowl; a pot,N2
発揮,はっき,exhibition; demonstration; utilization; display,N2
バック,バック,back,N2
発射,はっしゃ,firing; shooting; discharge; catapult,N2
発想,はっそう,expression (music); conceptualization,N2
発電,はつでん,generation (e.G. Power),N2
発売,はつばい,sale,N2
派手,はで,showy; loud; gay; flashy; gaudy,N2
話合い,はなしあい,discussion; conference,N2
話し掛ける,はなしかける,to accost a person; to talk (to someone),N2
話中,はなしちゅう,while talking; the line is busy,N2
甚だしい,はなはだしい,extreme; excessive; terrible,N2
花火,はなび,fireworks,N2
花嫁,はなよめ,bride,N2
放れる,はなれる,to leave; to get free; to cut oneself off,N2
羽根,はね,shuttlecock,N2
ばね,ばね,spring (e.G. Coil; leaf),N2
跳ねる,はねる,to jump; to leap,N2
破片,はへん,fragment; splinter; broken piece,N2
歯磨き,はみがき,dentifrice; toothpaste,N2
はめる,はめる,(col) to get in; to insert; to put on; to make love,N2
早口,はやくち,fast-talking,N2
流行る,はやる,to flourish; to thrive; to be popular; to come into fashion,N2
払い込む,はらいこむ,to deposit; to pay in,N2
払い戻す,はらいもどす,to repay; to pay back,N2
バランス,バランス,balance,N2
針金,はりがね,wire,N2
張り切る,はりきる,to be in high spirits; to be full of vigor,N2
反映,はんえい,reflection; influence,N2
半径,はんけい,radius,N2
判子,はんこ,seal (used for signature),N2
万歳,ばんざい,hurrah; cheers,N2
判事,はんじ,judge; judiciary,N2
反省,はんせい,reflection; reconsideration; introspection; meditation; contemplation,N2
番地,ばんち,house number; address,N2
パンツ,パンツ,underpants,N2
バンド,バンド,band,N2
半島,はんとう,peninsula,N2
ハンドル,ハンドル,handle; steering wheel,N2
日当たり,ひあたり,exposure to the sun; sunny place,N2
日帰り,ひがえり,day trip,N2
比較的,ひかくてき,comparatively; relatively,N2
日陰,ひかげ,shadow,N2
ぴかぴか,ぴかぴか,glitter; sparkle,N2
引受る,ひきうける,to undertake; to take up; to take over,N2
引返す,ひきかえす,to repeat; to send back; to bring back,N2
引算,ひきざん,subtraction,N2
引出す,ひきだす,to pull out; to take out; to draw out; to withdraw,N2
引き止める,ひきとめる,to detain; to check; to restrain,N2
卑怯,ひきょう,cowardice; meanness; unfairness,N2
引分け,ひきわけ,a draw (in competition); tie game,N2
髭,ひげ,moustache; beard; whiskers,N2
陽射,ひざし,sunlight; rays of the sun,N2
肘,ひじ,elbow,N2
ピストル,ピストル,pistol,N2
ビタミン,ビタミン,vitamin,N2
引っ掛かる,ひっかかる,to be caught in; to be stuck in; to be cheated,N2
筆記,ひっき,(taking) notes; copying,N2
引っ繰り返す,ひっくりかえす,to turn over; to overturn; to knock over; to upset; to turn inside out,N2
引っ繰り返る,ひっくりかえる,to be overturned; to be upset; to topple over; to be reversed,N2
引越し,ひっこし,moving (dwelling etc.); changing residence,N2
引っ込む,ひっこむ,to draw back; to sink; to cave in,N2
筆者,ひっしゃ,writer; author,N2
必需品,ひつじゅひん,necessities; necessary article; requisite; essential,N2
人差指,ひとさしゆび,index finger,N2
一通り,ひととおり,ordinary; usual; in general; briefly,N2
人通り,ひとどおり,pedestrian traffic,N2
ひとまず,ひとまず,for the present; once; in outline,N2
瞳,ひとみ,pupil (of eye),N2
一休み,ひとやすみ,a rest,N2
独り言,ひとりごと,a soliloquy; a monologue; speaking to oneself,N2
ひとりでに,ひとりでに,by itself; automatically; naturally,N2
ビニール,ビニール,vinyl,N2
皮肉,ひにく,cynicism; sarcasm,N2
日日,ひにち,every day; daily; day after day,N2
捻る,ひねる,to turn (a switch) on or off; to twist; to puzzle over,N2
日の入り,ひのいり,sunset,N2
日の出,ひので,sunrise,N2
響き,ひびき,echo; sound; reverberation; noise,N2
響く,ひびく,to resound,N2
皮膚,ひふ,skin,N2
冷やす,ひやす,to cool; to refrigerate,N2
ひゃっかじてん,ひゃっかじてん,encyclopedia,N2
美容,びよう,beauty of figure or form,N2
表紙,ひょうし,front cover; binding,N2
標識,ひょうしき,sign; mark,N2
標準,ひょうじゅん,standard; level,N2
標本,ひょうほん,example; specimen,N2
評論,ひょうろん,criticism; critique,N2
平仮名,ひらがな,hiragana; 47 syllables; the cursive syllabary,N2
ビルディング,ビルディング,building,N2
昼寝,ひるね,nap (at home); siesta,N2
広げる,ひろげる,to spread; to extend; to expand; to enlarge,N2
広さ,ひろさ,extent,N2
広場,ひろば,plaza,N2
広々,ひろびろ,extensive; spacious,N2
広める,ひろめる,to broaden; to propagate,N2
ピンク,ピンク,pink,N2
便箋,びんせん,writing paper; stationery,N2
瓶詰,びんづめ,bottling; bottled,N2
ファスナー,ファスナー,fastener; zipper,N2
風船,ふうせん,balloon,N2
不運,ふうん,unlucky; misfortune; bad luck; fate,N2
殖える,ふえる,to increase; to multiply,N2
深まる,ふかまる,to deepen; to heighten; to intensify,N2
不規則,ふきそく,irregularity; unsteadiness; disorderly,N2
普及,ふきゅう,diffusion; spread,N2
付近,ふきん,neighbourhood; vicinity; environs,N2
拭く,ふく,to wipe; to dry,N2
副詞,ふくし,adverb,N2
複写,ふくしゃ,copy; duplicate,N2
複数,ふくすう,plural; multiple,N2
含める,ふくめる,to include; to instruct; to make one understand,N2
膨らます,ふくらます,to swell; to expand; to inflate; to bulge,N2
膨らむ,ふくらむ,to expand; to swell (out); to get big; to become inflated,N2
不潔,ふけつ,unclean; dirty; filthy; impure,N2
更ける,ふける,to get late; to advance; to wear on,N2
符号,ふごう,sign; mark; symbol,N2
夫妻,ふさい,man and wife; married couple,N2
塞がる,ふさがる,to be plugged up; to be shut up,N2
塞ぐ,ふさぐ,to stop up; to close up; to block (up),N2
ふざける,ふざける,to romp; to gambol; to frolic; to joke,N2
無沙汰,ぶさた,neglecting to stay in contact,N2
武士,ぶし,warrior; samurai,N2
部首,ぶしゅ,radical (of a kanji character),N2
襖,ふすま,sliding screen,N2
附属,ふぞく,attached; belonging; affiliated,N2
蓋,ふた,cover; lid; cap,N2
不通,ふつう,suspension; interruption; stoppage; tie-up; cessation,N2
ぶつかる,ぶつかる,to strike; to collide with,N2
ぶつける,ぶつける,to knock; to run into; to nail on; to strike hard; to hit and attack,N2
物騒,ぶっそう,dangerous; disturbed; insecure,N2
ぶつぶつ,ぶつぶつ,grumbling; complaining in a small voice,N2
船便,ふなびん,surface mail (ship),N2
部品,ぶひん,parts; accessories,N2
吹雪,ふぶき,snow storm,N2
父母,ふぼ,father and mother; parents,N2
踏切,ふみきり,railway crossing; level crossing; starting line; scratch; crossover,N2
麓,ふもと,the foot; the bottom; the base (of a mountain),N2
増やす,ふやす,to increase; to add to; to augment,N2
殖やす,ふやす,to increase; to add to; to augment,N2
フライパン,フライパン,fry pan; frying pan,N2
ブラウス,ブラウス,blouse,N2
ぶらさげる,ぶらさげる,to hang; to suspend; to dangle; to swing,N2
ブラシ,ブラシ,brushy; brush,N2
プラスチック,プラスチック,plastic,N2
プラットホーム,プラットホーム,platform,N2
フリー,フリー,free,N2
振り仮名,ふりがな,pronunciation key,N2
プリント,プリント,print; handout,N2
振舞う,ふるまう,to behave; to conduct oneself; to entertain (vt),N2
ブローチ,ブローチ,brooch,N2
プログラム,プログラム,program,N2
風呂敷,ふろしき,wrapping cloth; cloth wrapper,N2
ふわふわ,ふわふわ,light; soft,N2
噴火,ふんか,eruption,N2
分解,ぶんかい,analysis; disassembly,N2
文芸,ぶんげい,literature; art and literature; belles-lettres,N2
文献,ぶんけん,literature; books (reference),N2
噴水,ふんすい,water fountain,N2
分数,ぶんすう,fraction (in math),N2
文体,ぶんたい,literary style,N2
分布,ぶんぷ,distribution,N2
文房具,ぶんぼうぐ,stationery,N2
文脈,ぶんみゃく,context,N2
分量,ぶんりょう,amount; quantity,N2
分類,ぶんるい,classification,N2
閉会,へいかい,closure,N2
平気,へいき,coolness; calmness; composure; unconcern,N2
並行,へいこう,(going) side by side; concurrent; abreast; at the same time,N2
平日,へいじつ,weekday; ordinary days,N2
兵隊,へいたい,soldier; sailor,N2
平凡,へいぼん,common; commonplace; ordinary; mediocre,N2
平野,へいや,plain; open field,N2
凹む,へこむ,to be dented; to be indented; to yield to; to give; to sink; to collapse; to cave in; to be snubbed,N2
へそ,へそ,navel; belly-button,N2
隔てる,へだてる,to be shut out,N2
別荘,べっそう,holiday house; villa,N2
別々,べつべつ,separately; individually,N2
ベテラン,ベテラン,veteran,N2
ヘリコプター,ヘリコプター,helicopter,N2
へる,へる,to decrease (in size or number); to diminish; to abate,N2
ぺん,ぺん,pen,N2
編集,へんしゅう,editing; compilation; editorial (e.G. Committee),N2
便所,べんじょ,toilet; lavatory; rest room; latrine; comfort station,N2
ペンチ,ペンチ,(abbr) pliers (lit: pinchers),N2
望遠鏡,ぼうえんきょう,telescope,N2
方角,ほうがく,direction; way; compass point,N2
箒,ほうき,(n) broom,N2
方言,ほうげん,dialect,N2
坊さん,ぼうさん,buddhist priest; monk,N2
防止,ぼうし,prevention; check,N2
方針,ほうしん,objective; plan; policy,N2
包装,ほうそう,packing; wrapping,N2
法則,ほうそく,law; rule,N2
包帯,ほうたい,bandage; dressing,N2
膨大,ぼうだい,huge; bulky; enormous; extensive; swelling; expansion,N2
庖丁,ほうちょう,kitchen knife; carving knife,N2
方程式,ほうていしき,equation,N2
防犯,ぼうはん,prevention of crime,N2
方面,ほうめん,direction; district; field (e.G.; of study),N2
坊や,ぼうや,boy,N2
放る,ほうる,to let go,N2
ボーナス,ボーナス,bonus,N2
朗らか,ほがらか,brightness; cheerfulness; melodious,N2
牧場,ぼくじょう,farm (livestock); pasture land; meadow; grazing land,N2
牧畜,ぼくちく,stock-farming,N2
保健,ほけん,health preservation; hygiene; sanitation,N2
募集,ぼしゅう,recruiting; taking applications,N2
干す,ほす,to air; to dry; to desiccate; to drain (off); to drink up,N2
ポスター,ポスター,poster,N2
北極,ほっきょく,north Pole,N2
坊っちゃん,ぼっちゃん,son (of others),N2
ほどく,ほどく,to unfasten,N2
堀,ほり,moat; canal,N2
掘る,ほる,to dig; to excavate,N2
彫る,ほる,to carve; to engrave; to sculpture; to chisel,N2
ぼろ,ぼろ,rag; scrap; tattered clothes; fault (esp. In a pretense),N2
盆,ぼん,lantern Festival; festival of the Dead; tray,N2
盆地,ぼんち,basin (e.G. Between mountains),N2
本部,ほんぶ,headquarters,N2
本来,ほんらい,essentially; naturally; by nature,N2
まあまあ,まあまあ,so-so,N2
枚数,まいすう,the number of flat things,N2
毎度,まいど,each time; common service-sector greeting,N2
マイナス,マイナス,minus,N2
巻く,まく,to wind; to coil; to roll,N2
蒔く,まく,to sow (seeds),N2
撒く,まく,to scatter; to sprinkle; to sow,N2
枕,まくら,pillow; bolster,N2
曲げる,まげる,to bend; to crook; to lean,N2
まごまご,まごまご,confused,N2
摩擦,まさつ,friction; rubbing; rubdown; chafe,N2
混ざる,まざる,to be mixed; to be blended with; to associate with; to mingle with; to join,N2
交ざる,まざる,to be mixed; to be blended with; to associate with; to mingle with; to join,N2
混じる,まじる,to be mixed; to be blended with; to associate with,N2
交じる,まじる,to be mixed; to be blended with; to associate with,N2
マスク,マスク,mask,N2
混ぜる,まぜる,to mix; to stir,N2
交ぜる,まぜる,to be mixed; to be blended with,N2
またぐ,またぐ,to straddle,N2
又は,または,or; otherwise,N2
待合室,まちあいしつ,waiting room,N2
待ち合わせる,まちあわせる,to rendezvous; to meet at a prearranged place and time,N2
街角,まちかど,street corner,N2
真っ暗,まっくら,total darkness; shortsightedness; pitch dark,N2
真っ黒,まっくろ,pitch black,N2
真っ青,まっさお,deep blue; ghastly pale,N2
真っ先,まっさき,the head; the foremost; beginning,N2
真っ白,まっしろ,pure white,N2
祭る,まつる,to deify; to enshrine,N2
窓口,まどぐち,ticket window,N2
纏まる,まとまる,to be collected; to be settled; to be in order,N2
纏める,まとめる,to put in order; to collect; to bring to a conclusion,N2
真似る,まねる,to mimic; to imitate,N2
まぶしい,まぶしい,dazzling; radiant,N2
まぶた,まぶた,eyelids,N2
マフラー,マフラー,muffler; scarf,N2
間も無く,まもなく,soon; before long; in a short time,N2
マラソン,マラソン,marathon,N2
円い,まるい,round; circular; spherical,N2
稀,まれ,rare; seldom,N2
回り道,まわりみち,detour,N2
満員,まんいん,full house; no vacancy; sold out,N2
マンション,マンション,large apartment; apartment house,N2
満点,まんてん,perfect score,N2
見送る,みおくる,to see off; to farewell; to escort,N2
見下ろす,みおろす,to overlook; to command a view of; to look down on something,N2
見掛け,みかけ,outward appearance,N2
三日月,みかづき,new moon; crescent moon,N2
岬,みさき,cape (on coast),N2
みじめ,みじめ,(arch) sad; pitiful; wretched,N2
ミシン,ミシン,sewing machine,N2
店屋,みせや,store; shop,N2
見出し,みだし,heading; caption; subtitle; index,N2
道順,みちじゅん,itinerary; route,N2
見付かる,みつかる,to be found; to be discovered,N2
見付ける,みつける,to be familiar; to discover; to detect,N2
みっともない,みっともない,shameful; indecent,N2
見直す,みなおす,to look again; to get a better opinion of,N2
見慣れる,みなれる,to become used to seeing; to be familiar with,N2
醜い,みにくい,ugly,N2
実る,みのる,to bear fruit; to ripen,N2
身分,みぶん,social position; social status,N2
見本,みほん,sample,N2
見舞う,みまう,to ask after (health); to visit,N2
未満,みまん,less than; insufficient,N2
名字,みょうじ,surname; family name,N2
ミリ,ミリ,millimeter,N2
診る,みる,to examine (medical),N2
民間,みんかん,private; civilian; civil; popular; folk; unofficial,N2
民謡,みんよう,folk song; popular song,N2
向う,むかう,(v5u) to face; to go towards,N2
剥く,むく,to peel; to skin; to pare; to hull,N2
無限,むげん,infinite,N2
無地,むじ,plain; unfigured,N2
蒸し暑い,むしあつい,humid; sultry,N2
矛盾,むじゅん,contradiction; inconsistency,N2
蒸す,むす,to steam; to poultice; to be sultry,N2
無数,むすう,countless number; infinite number,N2
紫,むらさき,purple colour; violet,N2
群れ,むれ,group; crowd; flock; herd,N2
姪,めい,niece,N2
名作,めいさく,masterpiece,N2
名刺,めいし,business card,N2
名詞,めいし,noun,N2
名所,めいしょ,famous place,N2
命ずる,めいずる,to command; to appoint,N2
迷信,めいしん,superstition,N2
名物,めいぶつ,famous product; special product; speciality,N2
銘々,めいめい,each; individual,N2
目上,めうえ,superior(s); senior,N2
メーター,メーター,meter (clock),N2
恵まれる,めぐまれる,to be blessed with; to be rich in,N2
巡る,めぐる,to go around,N2
目指す,めざす,to aim at; to have an eye on,N2
目覚し,めざまし,(abbr) alarm-clock,N2
目下,めした,at present; now,N2
目印,めじるし,mark; sign; landmark,N2
目立つ,めだつ,to be conspicuous; to stand out,N2
めちゃくちゃ,めちゃくちゃ,absurd; unreasonable; excessive; messed up; spoiled; wreaked,N2
めっきり,めっきり,remarkably,N2
めでたい,めでたい,happy; simple soul; propitious; joyous,N2
メニュー,メニュー,menu,N2
めまい,めまい,dizziness; giddiness,N2
目安,めやす,criterion; aim,N2
免税,めんぜい,tax exemption; duty exemption,N2
面積,めんせき,area,N2
面接,めんせつ,interview,N2
面倒臭い,めんどうくさい,bother to do; tiresome,N2
儲かる,もうかる,to be profitable; to yield a profit,N2
儲ける,もうける,to get; to earn; to gain; to have (bear; beget) a child,N2
申し訳ない,もうしわけない,inexcusable,N2
モーター,モーター,motor,N2
木材,もくざい,lumber; timber; wood,N2
目次,もくじ,table of contents,N2
潜る,もぐる,to drive; to pass through,N2
もしかしたら,もしかしたら,perhaps; maybe; by some chance,N2
もしかすると,もしかすると,perhaps; maybe; by some chance,N2
もたれる,もたれる,to lean against; to lean on; to recline on; to lie heavy (on the stomach),N2
モダン,モダン,modern,N2
餅,もち,sticky rice cake,N2
もったいない,もったいない,too good; more than one deserves; wasteful; sacrilegious; unworthy of,N2
モデル,モデル,model,N2
元々,もともと,originally; by nature; from the start,N2
物置,ものおき,storage room,N2
物語る,ものがたる,to tell; to indicate,N2
物差し,ものさし,ruler; measure,N2
物凄い,ものすごい,earth-shattering; staggering; to a very great extent,N2
モノレール,モノレール,monorail,N2
紅葉,もみじ,japanese maple tree,N2
揉む,もむ,to rub; to crumple (up); to wrinkle,N2
燃やす,もやす,to burn,N2
催し,もよおし,event; festivities; function,N2
盛る,もる,to serve (food; etc.); to fill up,N2
問答,もんどう,questions and answers; dialogue,N2
やかましい,やかましい,noisy; fussy,N2
夜間,やかん,at night; nighttime,N2
薬缶,やかん,kettle,N2
役者,やくしゃ,actor; actress,N2
役所,やくしょ,government office; public office,N2
訳す,やくす,to translate,N2
役人,やくにん,government official,N2
薬品,やくひん,medicine(s); chemical(s),N2
役目,やくめ,duty; business,N2
火傷,やけど,burn; scald,N2
夜行,やこう,walking around at night; night train; night travel,N2
矢印,やじるし,directing arrow,N2
やたらに,やたらに,randomly; recklessly; blindly,N2
薬局,やっきょく,pharmacy; drugstore,N2
やっつける,やっつける,to attack (an enemy); to beat; to do away with; to finish off,N2
家主,やぬし,landlord,N2
やっぱり,やっぱり,also; as I thought; still; in spite of; absolutely; of course,N2
破れる,やぶれる,to get torn; to wear out,N2
やむをえない,やむをえない,cannot be helped; unavoidable,N2
軟らかい,やわらかい,soft; tender; limp,N2
遊園地,ゆうえんち,amusement park,N2
夕刊,ゆうかん,evening paper,N2
友好,ゆうこう,friendship,N2
郵送,ゆうそう,mailing,N2
夕立,ゆうだち,(sudden) evening shower (rain),N2
夕日,ゆうひ,(in) the evening sun; setting sun,N2
悠々,ゆうゆう,quiet; calm; leisurely,N2
有料,ゆうりょう,admission-paid; toll,N2
浴衣,ゆかた,bathrobe; informal summer kimono; yukata,N2
湯気,ゆげ,steam; vapour,N2
輸血,ゆけつ,blood transfusion,N2
輸送,ゆそう,transport; transportation,N2
油断,ゆだん,negligence; unpreparedness,N2
ゆでる,ゆでる,to boil,N2
湯飲み,ゆのみ,teacup,N2
緩い,ゆるい,loose; lenient; slow,N2
溶岩,ようがん,lava,N2
容器,ようき,container; vessel,N2
用語,ようご,term; terminology,N2
要旨,ようし,gist; essentials; summary; fundamentals,N2
幼児,ようじ,infant; baby; child,N2
容積,ようせき,capacity; volume,N2
幼稚,ようち,infancy; childish; infantile,N2
幼稚園,ようちえん,kindergarten,N2
用途,ようと,use; usefulness,N2
洋品店,ようひんてん,shop which handles Western-style apparel and accessories,N2
養分,ようぶん,nourishment; nutrient,N2
羊毛,ようもう,wool,N2
漸く,ようやく,gradually; finally; hardly,N2
要領,ようりょう,point; gist; essentials; outline,N2
欲張り,よくばり,avarice; covetousness; greed,N2
余計,よけい,too much; unnecessary; abundance; surplus; excess; superfluity,N2
よこす,よこす,to send; to forward; to hand over (e.G. Money),N2
汚す,よごす,to make dirty; to pollute; to contaminate,N2
寄せる,よせる,to collect; to gather; to add; to put aside,N2
余所,よそ,another place; somewhere else; strange parts,N2
四つ角,よつかど,four corners; crossroads,N2
酔っ払い,よっぱらい,drunkard,N2
予備,よび,preparation; preliminaries; reserve; spare,N2
呼び掛ける,よびかける,to call out to; to accost; to address (crowd); to appeal,N2
呼び出す,よびだす,to summon; to call (e.G. Phone),N2
蘇る,よみがえる,to be resurrected; to be revived; to be resuscitated; to be rehabilitated,N2
因る,よる,to come from,N2
慶び,よろこび,(n) (a) joy; (a) delight; rapture; pleasure; gratification; rejoicing; congratulations; felicitations,N2
来日,らいにち,arrival in Japan; coming to Japan; visit to Japan,N2
落第,らくだい,failure; dropping out of a class,N2
ラッシュアワー,ラッシュアワー,rush hour,N2
欄,らん,column of text (e.G. As in a newspaper),N2
ランチ,ランチ,launch; lunch,N2
ランニング,ランニング,running; tank top,N2
乱暴,らんぼう,rude; violent; rough; lawless; unreasonable; reckless,N2
理科,りか,science,N2
利害,りがい,advantages and disadvantages; interest,N2
リズム,リズム,rhythm,N2
リットル,リットル,litre,N2
リボン,リボン,ribbon,N2
略す,りゃくす,to abbreviate,N2
流域,りゅういき,(river) basin,N2
寮,りょう,hostel; dormitory,N2
両側,りょうがわ,both sides,N2
漁師,りょうし,fisherman,N2
領事,りょうじ,consul,N2
領収,りょうしゅう,receipt; voucher,N2
臨時,りんじ,temporary; special; extraordinary,N2
留守番,るすばん,care-taking; caretaker; house-watching,N2
例外,れいがい,exception,N2
零点,れいてん,zero; no marks,N2
冷凍,れいとう,freezing; cold storage; refrigeration,N2
レインコート,レインコート,raincoat,N2
レクリェーション,レクリェーション,recreation,N2
レジャー,レジャー,leisure,N2
列島,れっとう,chain of islands,N2
レベル,レベル,level,N2
リポート,リポート,report; paper,N2
煉瓦,れんが,brick,N2
連合,れんごう,union; alliance,N2
レンズ,レンズ,lens,N2
蝋燭,ろうそく,candle,N2
ローマじ,ローマじ,romanization; roman letters,N2
録音,ろくおん,(audio) recording,N2
ロッカー,ロッカー,locker,N2
ロビー,ロビー,lobby,N2
論ずる,ろんずる,to argue; to discuss; to debate,N2
和英,わえい,japanese-English,N2
分る,わかる,to be understood,N2
分かれる,わかれる,to branch off; to diverge from; to fork; to split; to dispense; to scatter; to divide into,N2
若々しい,わかわかしい,youthful; young,N2
湧く,わく,to boil; to grow hot; to get excited; to gush forth,N2
詫びる,わびる,to apologize,N2
和服,わふく,japanese clothes,N2
わりあいに,わりあいに,comparatively,N2
割算,わりざん,division (math),N2
割と,わりと,relatively; comparitively,N2
割引,わりびき,discount; reduction; rebate,N2
椀,わん,japanese soup bowl; wooden bowl,N2
碗,わん,bowl,N2
ワンピース,ワンピース,one-piece dress,N2
